hard_id,skill,category,description
1,Python,Programming & Development,"A versatile high-level programming language known for its readability and simplicity. Used extensively in web development, data science, AI, automation, and scientific computing. Features include dynamic typing, automatic memory management, and a large standard library."
2,JavaScript,Programming & Development,"A scripting language primarily used for creating interactive web elements. It enables dynamic content updates, multimedia control, animation, and is the foundation of modern web development. Works alongside HTML and CSS as part of the core web technologies."
3,Java,Programming & Development,"A class-based, object-oriented programming language designed for portability and cross-platform compatibility through its 'write once, run anywhere' approach. Widely used for enterprise applications, Android development, web services, and large-scale systems."
4,C#,Programming & Development,"A modern, object-oriented programming language developed by Microsoft for the .NET platform. Features strong typing, component-oriented programming, and seamless integration with the Windows ecosystem. Used for desktop applications, games (Unity), web services, and enterprise software."
5,C++,Programming & Development,"A powerful, high-performance programming language that extends C with object-oriented features. Known for its efficiency and control over system resources, it's used for system/software development, game engines, high-frequency trading applications, and resource-intensive programs."
6,HTML,Programming & Development,"The standard markup language for creating web pages and applications. HTML defines the structure and content of web pages using various elements and attributes, providing the foundation upon which websites are built."
7,CSS,Programming & Development,"A style sheet language used for describing the presentation of documents written in HTML. CSS controls layout, formatting, and visual appearance of web pages, enabling separation of content and design for improved maintainability and consistency."
8,SQL,Programming & Development,"A domain-specific language for managing and manipulating relational databases. Used for querying, inserting, updating, and deleting data, as well as database schema creation and modification. Essential for applications that interact with structured data."
9,React,Programming & Development,"A JavaScript library for building user interfaces, particularly single-page applications. Developed by Facebook, it employs a component-based architecture and virtual DOM for efficient rendering. Known for its declarative approach and unidirectional data flow."
10,Node.js,Programming & Development,"A JavaScript runtime environment that executes code outside of a web browser. Enables building scalable network applications using an event-driven, non-blocking I/O model. Commonly used for creating web servers, APIs, and real-time applications."
11,Vue.js,Programming & Development,"A progressive JavaScript framework for building user interfaces. Designed to be incrementally adoptable, Vue features a core library focused on the view layer that can be integrated with other libraries or existing projects. Known for its simplicity and flexibility."
12,Angular,Programming & Development,"A comprehensive TypeScript-based framework for building single-page client applications. Developed by Google, it provides a structured approach to application development with built-in features for routing, forms management, client-server communication, and more."
13,Spring,Programming & Development,"A comprehensive framework for Java application development that provides infrastructure support. Features include dependency injection, aspect-oriented programming, MVC architecture, and simplified data access. Widely used for enterprise applications and microservices."
14,Django,Programming & Development,"A high-level Python web framework that encourages rapid development and clean, pragmatic design. Features include an ORM, authentication system, admin interface, and templating engine. Used for building robust, database-driven websites quickly and securely."
15,Flask,Programming & Development,"A lightweight Python web framework known for its simplicity and flexibility. Designed as a microframework with minimal dependencies, it allows developers to add components as needed. Ideal for small to medium web applications and APIs."
16,Ruby,Programming & Development,"A dynamic, object-oriented programming language designed for simplicity and productivity. Known for its elegant syntax and focus on developer happiness. Commonly used with the Ruby on Rails framework for web development."
17,PHP,Programming & Development,"A server-side scripting language designed specifically for web development. Easily embedded into HTML, PHP powers many content management systems and websites. Known for its wide compatibility and ease of integration with databases."
18,Swift,Programming & Development,"A modern, compiled programming language developed by Apple for iOS, macOS, watchOS, and tvOS application development. Designed to be safe, fast, and expressive, it replaced Objective-C as Apple's primary language for app development."
19,Kotlin,Programming & Development,"A statically typed programming language that runs on the Java Virtual Machine. Officially supported for Android development, it combines object-oriented and functional programming features. Known for its conciseness, safety, and interoperability with Java."
20,React Native,Programming & Development,"A framework for building native mobile applications using React and JavaScript. Allows developers to create cross-platform apps with native UI components, providing performance similar to native apps while maintaining a single codebase."
21,Flutter,Programming & Development,"Google's UI toolkit for building natively compiled applications for mobile, web, and desktop from a single codebase. Uses the Dart programming language and provides rich, customizable widgets for creating expressive user interfaces."
22,Solidity,Programming & Development,"A statically-typed programming language designed for developing smart contracts that run on the Ethereum Virtual Machine. Used to implement contracts for voting, crowdfunding, blind auctions, and various decentralized applications (dApps)."
23,Shell Scripting,Programming & Development,"The skill of writing scripts for command-line interpreters to automate system administration tasks, file manipulation, and program execution. Commonly used in Unix/Linux environments, it enables powerful system automation and batch processing."
24,PowerShell,Programming & Development,"Microsoft's task automation and configuration management framework. Combines command-line shell capabilities with a scripting language, it provides comprehensive control over Windows systems and applications through cmdlets and object manipulation."
25,R,Programming & Development,"A programming language specialized for statistical computing and graphics. Features extensive libraries for data manipulation, visualization, and analysis. Widely used in academia, research, and data science for statistical modeling and reporting."
26,Programming,Programming & Development,"The core skill of creating computer software using programming languages. Involves problem-solving, algorithm design, code writing, debugging, and optimization. Fundamental to software development across all domains and platforms."
27,Web Development,Programming & Development,"The practice of creating websites and web applications. Encompasses front-end (client-side) and back-end (server-side) development, involving multiple technologies like HTML, CSS, JavaScript, databases, and server programming to build complete web solutions."
28,Mobile Development,Programming & Development,"The process of creating software applications specifically for mobile devices. Involves consideration of hardware limitations, touch interfaces, and platform-specific guidelines. May include native development (iOS/Android) or cross-platform approaches."
29,API Design,Programming & Development,"The skill of creating well-structured, consistent, and documented interfaces for programmatic interaction between different software systems. Includes defining endpoints, request/response formats, authentication methods, and following REST or GraphQL principles."
30,Responsive Design,Programming & Development,"The approach to web design that ensures content renders well across various devices and screen sizes. Involves flexible grids, layouts, images, and CSS media queries to adapt the display to different viewing environments."
31,Full Stack Development,Programming & Development,"The ability to work on both client-side and server-side software development. Combines front-end skills (HTML, CSS, JavaScript) with back-end technologies (databases, server programming, APIs) to build complete web applications independently."
32,Frontend Development,Programming & Development,"The practice of implementing the visual and interactive elements of a website or application that users directly interact with. Involves HTML, CSS, JavaScript, and frameworks to create responsive, accessible, and engaging user interfaces."
33,Backend Development,Programming & Development,"The implementation of server-side logic, database interactions, and system integration that powers the functionality of web applications. Focuses on data storage, security, performance, APIs, and business logic implementation."
34,Data Analysis,Data & Analytics,"The process of inspecting, cleaning, transforming, and modeling data to discover useful information, draw conclusions, and support decision-making. Involves statistical methods, exploratory techniques, and visualization to extract insights from datasets."
35,Excel,Data & Analytics,"A spreadsheet software featuring calculation capabilities, graphing tools, pivot tables, and macro programming. Used extensively for data organization, analysis, visualization, financial modeling, and business intelligence in virtually all industries."
36,SQL,Data & Analytics,"A language designed specifically for managing and querying relational databases. In analytics contexts, SQL is used for data extraction, aggregation, joining diverse data sources, and preparing data for analysis and reporting."
37,Tableau,Data & Analytics,"A data visualization software focused on business intelligence. Allows users to create interactive and shareable dashboards that depict trends, variations, and density of data in visual formats without requiring advanced programming knowledge."
38,Power BI,Data & Analytics,"Microsoft's business analytics service that provides interactive visualizations and business intelligence capabilities. Enables users to create reports and dashboards, transform data, and share insights across an organization."
39,Statistical Analysis,Data & Analytics,"The collection, interpretation, and presentation of data using statistical methods. Includes descriptive statistics, hypothesis testing, regression analysis, and other techniques to identify patterns, relationships, and significant findings in data."
40,Data Visualization,Data & Analytics,"The graphical representation of information and data using charts, graphs, maps, and other visual elements. Aims to communicate complex data relationships clearly, identify patterns, and make data-driven insights accessible to diverse audiences."
41,Business Intelligence,Data & Analytics,"The strategies and technologies used to analyze business information and transform it into actionable insights. Combines data gathering, storage, analysis, and visualization to support strategic and tactical business decisions."
42,Machine Learning,Data & Analytics,"The application of statistical models and algorithms that enable computers to improve their performance on a task through experience. In data analytics, it's used for pattern recognition, predictive modeling, and automated analysis of large datasets."
43,Big Data,Data & Analytics,"The field involving datasets too large or complex for traditional data processing applications. Encompasses technologies and strategies for capturing, storing, processing, analyzing, and visualizing massive volumes of structured and unstructured data."
44,Data Mining,Data & Analytics,"The process of discovering patterns and knowledge from large amounts of data. Uses methods at the intersection of machine learning, statistics, and database systems to extract information that can be used for business decision-making."
45,R,Data & Analytics,"A statistical programming language specifically designed for data analysis, statistical computing, and visualization. Features a comprehensive ecosystem of packages for various analytical tasks, making it popular among statisticians and data scientists."
46,Python,Data & Analytics,"A programming language widely used in data analytics for its simplicity and powerful libraries (NumPy, pandas, matplotlib, scikit-learn). Enables data cleaning, transformation, analysis, modeling, and visualization in an integrated workflow."
47,SAS,Data & Analytics,"A software suite for advanced analytics, business intelligence, and data management. Particularly strong in statistical analysis and used extensively in large enterprises, healthcare, and government sectors for complex data processing."
48,SPSS,Data & Analytics,"A statistical software package used for batch and interactive statistical analysis. Offers a comprehensive range of statistical procedures, data management features, and reporting capabilities for social science, market research, and healthcare."
49,Data Modeling,Data & Analytics,"The process of creating a conceptual representation of data structures and relationships. Involves defining how data is stored, organized, and accessed, ensuring integrity, efficiency, and alignment with business requirements."
50,ETL,Data & Analytics,"The process of extracting data from various sources, transforming it to fit operational needs, and loading it into a destination system. Essential for data warehousing, integration, and preparing data for analysis and reporting."
51,Data Warehousing,Data & Analytics,"The design and implementation of centralized repositories that store integrated data from multiple sources. Optimized for query and analysis rather than transaction processing, data warehouses support business intelligence activities and decision-making."
52,Database Design,Data & Analytics,"The process of designing the structure, relationships, and constraints of databases to efficiently store and retrieve data. Involves normalization, schema design, indexing strategies, and performance optimization for specific use cases."
53,NoSQL,Data & Analytics,"A category of database management systems that differ from traditional relational databases in structure, scalability, and design philosophy. Used for handling large volumes of unstructured data, providing flexible schemas and horizontal scalability."
54,MongoDB,Data & Analytics,"A document-oriented NoSQL database that stores data in flexible, JSON-like documents. Designed for scalability and developer agility, it's particularly useful for applications with evolving schemas and large volumes of diverse data types."
55,Cassandra,Data & Analytics,"A distributed NoSQL database management system designed for handling large amounts of data across many commodity servers. Provides high availability with no single point of failure, making it suitable for applications requiring high reliability."
56,Data Preprocessing,Data & Analytics,"The techniques used to transform raw data into a clean, structured format suitable for analysis. Includes cleaning (handling missing values, errors), normalization, transformation, feature selection, and encoding categorical variables."
57,Forecasting,Data & Analytics,"The process of making predictions about future trends based on historical data. Uses statistical methods and time series analysis to project values forward in time, essential for business planning, inventory management, and financial projections."
58,Predictive Analytics,Data & Analytics,"The use of statistical algorithms and machine learning techniques to identify the likelihood of future outcomes based on historical data. Applied to anticipate customer behavior, detect fraud, optimize marketing campaigns, and improve operations."
59,A/B Testing,Data & Analytics,"A method of comparing two versions of a webpage, email, or other content to determine which performs better. Involves statistical analysis to measure the impact of changes on user behavior and business metrics."
60,Google Analytics,Data & Analytics,"A web analytics service that tracks and reports website traffic, user behavior, and conversions. Provides insights into audience characteristics, acquisition channels, user engagement, and goal completion to optimize digital marketing efforts."
61,Web Analytics,Data & Analytics,"The collection, measurement, and analysis of web data to understand and optimize web usage. Involves tracking metrics like pageviews, bounce rates, conversion rates, and user flow to improve website performance and marketing effectiveness."
62,Market Analysis,Data & Analytics,"The comprehensive assessment of market dynamics, including size, trends, competitors, customer segments, and growth potential. Uses qualitative and quantitative techniques to inform business strategy, product development, and marketing decisions."
63,Risk Analysis,Data & Analytics,"The systematic process of identifying and evaluating potential risks in business decisions or investments. Uses statistical models to quantify the probability and impact of adverse events, supporting risk management strategies."
64,Financial Analysis,Data & Analytics,"The assessment of business performance, viability, and value using financial data. Involves ratio analysis, forecasting, sensitivity modeling, and valuation techniques to evaluate investments, operations, and strategic decisions."
65,Financial Modeling,Data & Analytics,"The process of creating mathematical representations of financial scenarios to project future performance. Combines accounting, finance, and business metrics to simulate outcomes of decisions under various assumptions and conditions."
66,Budget Analysis,Data & Analytics,"The examination of financial plans to track performance against projections, identify variances, and recommend adjustments. Involves detailed review of income, expenses, and allocations to optimize resource utilization and financial outcomes."
67,Machine Learning,AI & Machine Learning,"An application of artificial intelligence that enables systems to automatically learn and improve from experience without explicit programming. Encompasses algorithms that can analyze data, identify patterns, and make decisions with minimal human intervention."
68,Deep Learning,AI & Machine Learning,"A subset of machine learning based on artificial neural networks with multiple layers. Capable of learning complex patterns in large amounts of data, it powers advanced applications like image and speech recognition, natural language processing, and autonomous systems."
69,TensorFlow,AI & Machine Learning,"An open-source machine learning framework developed by Google. Provides a comprehensive ecosystem of tools, libraries, and resources for building and deploying machine learning models across diverse platforms, from servers to edge devices."
70,PyTorch,AI & Machine Learning,"An open-source machine learning library developed by Facebook's AI Research lab. Known for its flexibility and dynamic computational graph, it's particularly popular for research and applications in computer vision and natural language processing."
71,NLP,AI & Machine Learning,"The field at the intersection of computer science, artificial intelligence, and linguistics focused on enabling computers to understand, interpret, and generate human language. Powers applications like sentiment analysis, machine translation, and conversational agents."
72,Computer Vision,AI & Machine Learning,"The field of AI that enables computers to derive meaningful information from digital images and videos. Applications include object detection, facial recognition, autonomous vehicles, medical image analysis, and augmented reality."
73,Neural Networks,AI & Machine Learning,"Computational models inspired by the human brain's structure and function. Consist of interconnected nodes (neurons) organized in layers that can learn to recognize patterns and solve complex problems through training on examples."
74,AI Algorithms,AI & Machine Learning,"The mathematical procedures and computational methods that enable artificial intelligence capabilities. Includes supervised and unsupervised learning algorithms, reinforcement learning, genetic algorithms, and other approaches to problem-solving and pattern recognition."
75,Reinforcement Learning,AI & Machine Learning,"A machine learning approach where an agent learns to make decisions by taking actions in an environment to maximize cumulative rewards. Used in robotics, game playing, recommendation systems, and autonomous control systems."
76,Model Training,AI & Machine Learning,"The process of teaching a machine learning algorithm to make predictions or decisions based on data. Involves selecting appropriate algorithms, tuning parameters, feeding training data, and evaluating performance to create optimal models."
77,Model Deployment,AI & Machine Learning,"The process of integrating a machine learning model into a production environment where it can take inputs and return outputs. Includes considerations for scalability, monitoring, maintenance, and integration with existing systems."
78,Data Preprocessing,AI & Machine Learning,"In the context of AI, the essential steps of cleaning, transforming, and organizing raw data before feeding it into machine learning models. Critical for improving model accuracy, reducing training time, and handling issues like imbalanced datasets."
79,Feature Engineering,AI & Machine Learning,"The process of selecting, transforming, and creating variables (features) from raw data to improve machine learning model performance. Requires domain knowledge to identify relevant attributes that help algorithms learn patterns effectively."
80,Hyperparameter Tuning,AI & Machine Learning,"The process of optimizing the parameters that govern the training process of machine learning models. Involves systematic search of the parameter space to find configurations that yield the best performance on validation data."
81,Sentiment Analysis,AI & Machine Learning,"A natural language processing technique that identifies and extracts subjective information from text. Used to determine whether data expresses positive, negative, or neutral sentiment, commonly applied to social media monitoring and customer feedback analysis."
82,Image Recognition,AI & Machine Learning,"The ability of AI systems to identify objects, places, people, or actions in images. Relies on deep learning models trained on large datasets of labeled images to classify visual content accurately."
83,Natural Language Processing,AI & Machine Learning,"The comprehensive discipline of enabling computers to understand, interpret, and generate human language. Encompasses text classification, entity recognition, sentiment analysis, translation, summarization, and conversational interfaces."
84,Conversational AI,AI & Machine Learning,"Systems designed to engage in human-like dialogue with users. Combines natural language understanding, context awareness, and response generation to create virtual assistants, chatbots, and interactive voice responses."
85,Chatbot Development,AI & Machine Learning,"The creation of AI-powered conversational interfaces that can simulate dialogue with users. Involves defining conversation flows, training language models, implementing business logic, and integrating with messaging platforms and backend systems."
86,Recommendation Systems,AI & Machine Learning,"Algorithms that suggest relevant items to users based on their preferences, behavior, or similarities to other users. Widely used in e-commerce, streaming services, and content platforms to personalize user experiences and increase engagement."
87,Anomaly Detection,AI & Machine Learning,"The identification of rare items, events, or observations that differ significantly from the majority of data. Applied in fraud detection, network security, manufacturing quality control, and health monitoring to identify unusual patterns."
88,AWS,Cloud & DevOps,"Amazon's comprehensive cloud computing platform offering over 200 services including computing power, storage, databases, and AI capabilities. Provides on-demand infrastructure for building, deploying, and managing applications and services globally."
89,Azure,Cloud & DevOps,"Microsoft's cloud computing service for building, testing, deploying, and managing applications and services. Offers integrated tools, DevOps practices, and a marketplace to support enterprise IT needs with hybrid and multi-cloud capabilities."
90,Google Cloud,Cloud & DevOps,"Google's suite of cloud computing services running on the same infrastructure that Google uses for its products. Provides computing, storage, data analytics, machine learning, and application development services for organizations of all sizes."
91,Cloud Migration,Cloud & DevOps,"The process of moving digital assets, services, databases, IT resources, and applications to cloud infrastructure. Involves assessment, planning, execution, and optimization phases to transition from on-premises or legacy environments to cloud platforms."
92,Kubernetes,Cloud & DevOps,"An open-source container orchestration system for automating software deployment, scaling, and management. Enables organizations to run distributed systems resiliently, offering load balancing, storage orchestration, and automated rollouts/rollbacks."
93,Docker,Cloud & DevOps,"A platform that uses OS-level virtualization to deliver software in containers. Packages applications with their dependencies into standardized units for development, shipment, and deployment, ensuring consistency across environments."
94,Containerization,Cloud & DevOps,"The encapsulation of an application and its dependencies into a container that can run on any computing environment. Provides a lightweight, consistent, and portable software environment, improving deployment efficiency and scalability."
95,Microservices,Cloud & DevOps,"An architectural approach to developing applications as collections of small, independently deployable services. Each service runs in its own process, communicates through APIs, and can be developed, deployed, and scaled independently. Enables faster development, easier maintenance, and improved fault isolation."
96,CI/CD,Cloud & DevOps,"The combined practices of Continuous Integration and Continuous Delivery/Deployment. Automates the building, testing, and deployment of applications, allowing for frequent code changes to be reliably delivered to production with minimal manual intervention."
97,Infrastructure as Code,Cloud & DevOps,"The practice of managing and provisioning infrastructure through machine-readable definition files rather than manual processes. Enables consistent, version-controlled, and repeatable deployment of infrastructure components across environments."
98,Terraform,Cloud & DevOps,"An open-source infrastructure as code software tool that enables defining and provisioning data center infrastructure using a declarative configuration language. Supports multiple cloud providers and services with a unified workflow."
99,Ansible,Cloud & DevOps,"An open-source automation tool for configuration management, application deployment, and task automation. Uses simple YAML syntax and agentless architecture to orchestrate multi-tier applications and streamline IT operations."
100,Jenkins,Cloud & DevOps,"An open-source automation server that enables building, testing, and deploying software continuously. Provides hundreds of plugins to support building, deploying, and automating projects, forming the backbone of many CI/CD pipelines."
101,Git,Cloud & DevOps,"A distributed version control system for tracking changes in source code during software development. Enables coordinating work among programmers, tracking modifications, and managing development branches and merges efficiently."
102,GitHub Actions,Cloud & DevOps,"A CI/CD platform integrated with GitHub repositories that automates software workflows. Allows defining custom development workflows directly in GitHub repositories to build, test, and deploy code based on events."
103,Continuous Integration,Cloud & DevOps,"The practice of frequently merging code changes into a shared repository, followed by automated building and testing. Helps detect integration issues early, improve code quality, and reduce the time to validate and release new software updates."
104,Continuous Deployment,Cloud & DevOps,"The automated release of code changes to production environments after passing automated tests. Enables delivering features to users rapidly and frequently with minimal manual intervention, improving development velocity and reducing deployment risks."
105,Cloud Security,Cloud & DevOps,"The protection of data, applications, and infrastructure in cloud environments. Involves implementing security controls, policies, and procedures to safeguard against unauthorized access, data breaches, and service disruptions."
106,Serverless Architecture,Cloud & DevOps,"A cloud computing execution model where the cloud provider dynamically manages the allocation and provisioning of servers. Allows developers to build and run applications without worrying about server management, paying only for the actual compute time consumed."
107,Load Balancing,Cloud & DevOps,"The distribution of network traffic across multiple servers to ensure no single server bears too much demand. Improves application availability, scalability, and fault tolerance by optimizing resource utilization."
108,Service Mesh,Cloud & DevOps,"A dedicated infrastructure layer for facilitating service-to-service communications between microservices. Handles network functions like service discovery, load balancing, encryption, authentication, and observability."
109,Auto Scaling,Cloud & DevOps,"The automatic adjustment of computational resources based on workload demands. Ensures applications have the right amount of capacity to handle varying traffic levels efficiently, optimizing performance and cost."
110,Network Security,Cybersecurity,"The protection of network infrastructure and data transmitted over networks from unauthorized access, misuse, and modification. Involves implementing security policies, tools, and controls to defend against network-based threats."
111,Penetration Testing,Cybersecurity,"The practice of simulating cyberattacks against computer systems to check for exploitable vulnerabilities. Helps organizations identify and address security weaknesses before malicious actors can exploit them."
112,Vulnerability Assessment,Cybersecurity,"The systematic review of security weaknesses in systems, applications, and networks. Involves identifying, quantifying, and prioritizing vulnerabilities to guide remediation efforts and strengthen security posture."
113,Security Monitoring,Cybersecurity,"The continuous observation and analysis of networks, systems, and applications to detect security threats, anomalies, and incidents. Enables timely identification and response to potential security breaches."
114,Incident Response,Cybersecurity,"The organized approach to addressing and managing the aftermath of security breaches or cyberattacks. Includes preparation, detection, containment, eradication, recovery, and lessons learned phases to minimize damage and recovery time."
115,Malware Analysis,Cybersecurity,"The study of malicious software's functionality, origin, and potential impact. Involves examining code, behavior, and characteristics to understand how malware operates and develop effective countermeasures."
116,Security Architecture,Cybersecurity,"The design of structures and systems to support security requirements and enforce security policies. Provides a framework for implementing security controls and managing risks across an organization's technology environment."
117,Cryptography,Cybersecurity,"The practice of securing information by transforming it into formats that unauthorized parties cannot understand. Includes encryption, hashing, digital signatures, and key management to protect data confidentiality, integrity, and authenticity."
118,Threat Intelligence,Cybersecurity,"The collection, analysis, and dissemination of information about current and potential attacks that threaten an organization. Helps security teams understand adversaries' tactics, techniques, and procedures to improve defenses."
119,Security Compliance,Cybersecurity,"The process of ensuring that an organization adheres to internal policies and external regulations regarding data security. Involves implementing controls, conducting audits, and documenting compliance with standards like GDPR, HIPAA, or PCI DSS."
120,SIEM,Cybersecurity,"Security Information and Event Management systems that provide real-time analysis of security alerts generated by applications and network hardware. Combines security information management and security event management to provide comprehensive threat detection."
121,Firewall Configuration,Cybersecurity,"The implementation and management of network security systems that monitor and control incoming and outgoing network traffic. Involves creating and maintaining rule sets that permit or deny data packets based on security criteria."
122,Identity Management,Cybersecurity,"The framework of processes and technologies for managing digital identities. Includes creating, maintaining, and terminating user accounts, controlling access rights, and ensuring appropriate authentication mechanisms."
123,Authentication Systems,Cybersecurity,"The mechanisms for verifying the identity of users or systems attempting to access resources. Encompasses various methods including passwords, multi-factor authentication, biometrics, and certificate-based authentication."
124,Access Control,Cybersecurity,"The regulation of who or what can view or use resources in a computing environment. Involves implementing policies and mechanisms that restrict system access to authorized users based on roles, responsibilities, or attributes."
125,Social Engineering,Cybersecurity,"The psychological manipulation of people into performing actions or divulging confidential information. Understanding these techniques helps security professionals recognize, defend against, and educate users about manipulation attempts."
126,Digital Forensics,Cybersecurity,"The recovery and investigation of material found in digital devices related to cybercrime. Involves collection, preservation, and analysis of digital evidence using forensically sound methods to support legal proceedings or internal investigations."
127,Ethical Hacking,Cybersecurity,"The authorized attempt to gain unauthorized access to systems, applications, or data to identify security vulnerabilities. Employs the same tools and techniques as malicious hackers but with permission to help organizations improve security."
128,Risk Assessment,Cybersecurity,"The identification, analysis, and evaluation of security risks to systems, applications, and data. Provides a foundation for risk management decisions and prioritization of security resources based on potential impact and likelihood."
129,Security Automation,Cybersecurity,"The use of technology to perform security tasks with reduced human assistance. Involves implementing tools and workflows that automatically handle repetitive security operations, threat detection, and incident response activities."
130,Adobe Photoshop,Design & Creative,"A raster graphics editor for creating and editing images with precision. Used for photo editing, digital painting, graphic design, and web design, it features layers, masks, filters, and comprehensive tool sets for professional image manipulation."
131,Adobe Illustrator,Design & Creative,"A vector graphics editor used for creating logos, icons, drawings, typography, and illustrations. Works with shapes rather than pixels, allowing for infinitely scalable graphics while maintaining quality for print and digital media."
132,Adobe InDesign,Design & Creative,"A desktop publishing software application for creating print materials like books, magazines, posters, and flyers. Features robust typography controls, master pages, and layout tools for professional multi-page document design."
133,Adobe XD,Design & Creative,"A vector-based user experience design tool for web and mobile applications. Facilitates wireframing, prototyping, and collaboration, allowing designers to create interactive mockups and share them with stakeholders for feedback."
134,Figma,Design & Creative,"A cloud-based design tool that supports collaborative interface design. Enables multiple designers to work simultaneously on wireframes, prototypes, and design systems with real-time collaboration features."
135,Sketch,Design & Creative,"A vector graphics editor primarily for designing user interfaces and websites. Focuses on digital design with features like symbols, libraries, and plugins specifically tailored for UI/UX designers."
136,Wireframing,Design & Creative,"The creation of low-fidelity representations of interface designs that outline structure, layout, and functionality. Serves as a blueprint for websites and applications before detailed visual design or development begins."
137,Prototyping,Design & Creative,"The development of preliminary versions of products to visualize concepts and test functionality. In design, involves creating interactive mockups that simulate the user experience to gather feedback and validate ideas before full development."
138,User Research,Design & Creative,"The systematic investigation of users' needs, behaviors, and motivations to inform design decisions. Employs methods like interviews, surveys, usability testing, and contextual inquiry to create user-centered products."
139,Usability Testing,Design & Creative,"The evaluation of products by testing them with representative users. Involves observing users completing tasks to identify usability problems, collect qualitative and quantitative data, and determine participant satisfaction."
140,UX Design,Design & Creative,"The process of enhancing user satisfaction by improving the usability, accessibility, and pleasure provided in the interaction with a product. Focuses on the entire user journey and experience beyond just visual aesthetics."
141,UI Design,Design & Creative,"The design of user interfaces for machines and software with a focus on maximizing usability and the user experience. Encompasses visual elements like buttons, icons, spacing, typography, and color schemes that users interact with."
142,Graphic Design,Design & Creative,"The craft of creating visual content to communicate messages. Applies visual hierarchy and page layout techniques, typography, and imagery to meet users' specific needs and focus on the logic of displaying elements in interactive designs."
143,Logo Design,Design & Creative,"The creation of distinctive symbols or marks that identify brands, products, or organizations. Involves conceptualizing and crafting memorable, scalable, and versatile graphic elements that capture a brand's essence."
144,Typography,Design & Creative,"The art and technique of arranging type to make written language legible, readable, and appealing. Involves selecting typefaces, point sizes, line lengths, line spacing, and letter spacing to enhance communication and aesthetics."
145,Color Theory,Design & Creative,"The study of how colors interact and the effects they have on viewers. Guides designers in selecting harmonious color combinations that communicate appropriate messages, evoke specific emotions, and enhance usability."
146,Layout Design,Design & Creative,"The arrangement of visual elements on a page to create effective composition. Involves organizing text, images, and other design elements using principles like balance, contrast, emphasis, rhythm, and unity."
147,Brand Development,Design & Creative,"The strategic process of creating and distinguishing a brand in consumers' minds. Encompasses defining brand identity, values, voice, visual elements, and guidelines to ensure consistent representation across all touchpoints."
148,Animation,Design & Creative,"The technique of creating the illusion of movement by displaying a sequence of static images in rapid succession. Used in user interfaces, marketing materials, presentations, and entertainment to enhance engagement and communication."
149,Video Editing,Design & Creative,"The manipulation and arrangement of video shots to create cohesive content. Involves cutting footage, adding transitions, incorporating graphics/text, applying effects, and mixing audio to produce polished video productions."
150,Adobe Premiere Pro,Design & Creative,"A timeline-based video editing software application. Used for editing videos, adding effects, color grading, audio editing, and exporting content for various platforms with professional-quality results."
151,After Effects,Design & Creative,"A digital visual effects, motion graphics, and compositing application. Used to create cinematic movie titles, intros, transitions, and visual effects for videos, presentations, and web content."
152,Final Cut Pro,Design & Creative,"A professional non-linear video editing software developed by Apple. Features advanced color grading, audio editing, and media organization tools for creating high-quality video productions on Mac systems."
153,3D Modeling,Design & Creative,"The process of creating three-dimensional representations of objects or surfaces. Uses specialized software to manipulate points, edges, and faces in virtual space for product design, animation, gaming, or visualization."
154,Motion Graphics,Design & Creative,"The discipline of creating animated graphic designs for various media. Combines elements of graphic design, animation, filmmaking, and sound design to create dynamic visual communication for videos, presentations, and interfaces."
155,Sound Design,Design & Creative,"The art of creating, recording, acquiring, manipulating, or generating audio elements. Used in film, television, video games, and digital media to enhance storytelling, create atmosphere, and improve user experience."
156,Content Creation,Design & Creative,"The contribution of information to digital media for an audience in specific contexts. Encompasses writing, designing, producing, and publishing material across various formats including blogs, videos, podcasts, and social media."
157,Illustration,Design & Creative,"The creation of drawings, paintings, or diagrams to communicate ideas, tell stories, or visualize concepts. Used in publications, advertising, websites, packaging, and educational materials to enhance communication and engagement."
158,Photography,Design & Creative,"The art, application, and practice of creating durable images by recording light. Involves composition, lighting, subject matter, and technical aspects of camera operation to produce compelling visual content."
159,Storyboarding,Design & Creative,"The process of visually planning the narrative and shot sequence of films, animations, or interactive media. Uses a series of illustrations or images displayed in sequence to previsualize scenes and communicate directorial intent before production begins."
160,Project Management,Project & Product Management,"The application of knowledge, skills, tools, and techniques to deliver projects that meet specific requirements. Involves initiating, planning, executing, monitoring, and closing projects while balancing scope, time, cost, and quality constraints."
161,Agile,Project & Product Management,"An iterative approach to project management and software development that emphasizes flexibility, customer collaboration, and rapid delivery of working products. Features short development cycles, continuous improvement, and adaptive planning."
162,Scrum,Project & Product Management,"A framework within the Agile methodology that structures work into fixed-length iterations called Sprints. Defines specific roles (Product Owner, Scrum Master, Development Team) and ceremonies (Sprint Planning, Daily Standups, Sprint Review, Retrospective)."
163,Kanban,Project & Product Management,"A visual workflow management method that helps optimize the flow of work through a process. Uses cards on a board to represent work items, with columns representing stages of progress, limiting work in progress to improve efficiency."
164,Jira,Project & Product Management,"A project management software tool primarily designed for agile software development teams. Supports issue tracking, bug tracking, and agile project management with features for planning, tracking, releasing, and reporting."
165,Confluence,Project & Product Management,"A team workspace platform that helps organize, discuss, and document projects. Features collaborative editing, page hierarchies, and integration with development tools to centralize knowledge sharing and team collaboration."
166,MS Project,Project & Product Management,"A project management software developed by Microsoft for creating project schedules, assigning resources, tracking progress, managing budgets, and analyzing workloads. Offers Gantt charts, resource management, and reporting capabilities."
167,Trello,Project & Product Management,"A web-based kanban-style list-making application for visual project management. Uses boards, lists, and cards to organize tasks and projects, with features for collaboration, file attachment, checklists, and due dates."
168,Product Development,Project & Product Management,"The complete process of bringing a new product to market or improving an existing one. Encompasses concept generation, market research, design, testing, manufacturing/implementation, and launch across the product lifecycle."
169,Product Roadmapping,Project & Product Management,"The strategic process of planning and communicating the evolution of a product over time. Creates a visual representation of product strategy, priorities, and development timelines to align stakeholders on vision and direction."
170,User Stories,Project & Product Management,"A method for capturing product requirements from an end-user perspective. Typically follows the format 'As a [user type], I want [action] so that [benefit]' to ensure features are user-centered and deliver value."
171,Sprint Planning,Project & Product Management,"A collaborative event in Scrum where the team determines what can be delivered in the upcoming Sprint and how that work will be achieved. Involves selecting items from the product backlog based on priority and team capacity."
172,Stakeholder Management,Project & Product Management,"The process of identifying, analyzing, engaging, and monitoring individuals or groups who have an interest in or influence over a project. Ensures stakeholder needs are understood and addressed throughout the project lifecycle."
173,Risk Management,Project & Product Management,"The identification, assessment, and prioritization of risks followed by coordinated application of resources to minimize, monitor, and control the probability or impact of unfortunate events. Essential for project success and business continuity."
174,Resource Allocation,Project & Product Management,"The strategic distribution of available assets (people, equipment, materials, time, budget) to activities and tasks that maximize project outcomes. Involves scheduling, forecasting, and optimizing resource utilization."
175,Budgeting,Project & Product Management,"The process of creating a financial plan for the resources required to complete a project or develop a product. Involves estimating costs, allocating funds, tracking expenditures, and managing financial constraints."
176,Process Improvement,Project & Product Management,"The systematic approach to identifying, analyzing, and enhancing existing business processes to meet new standards or goals. Utilizes methodologies like Six Sigma, Lean, or Kaizen to eliminate waste and increase efficiency."
177,Change Management,Project & Product Management,"The structured approach to transitioning individuals, teams, and organizations from a current state to a desired future state. Focuses on the people side of change to ensure organizational objectives are achieved."
178,Product Lifecycle Management,Project & Product Management,"The strategic business approach to managing the entire lifecycle of a product from inception through design, manufacturing, service, and disposal. Integrates people, data, processes, and business systems across the product journey."
179,Requirements Gathering,Project & Product Management,"The process of collecting information from stakeholders to determine the needs that a new or modified product should satisfy. Involves interviews, workshops, observation, and documentation to establish clear product specifications."
180,Digital Marketing,Marketing & Sales,"The promotion of products or brands via electronic media channels. Encompasses various online marketing activities including search engine optimization, content marketing, social media, email marketing, and online advertising."
181,SEO,Marketing & Sales,"Search Engine Optimization is the practice of increasing the quantity and quality of traffic to a website through organic search engine results. Involves optimizing site structure, content, and external factors to improve visibility."
182,SEM,Marketing & Sales,"Search Engine Marketing refers to paid advertising within search engine results pages. Primarily involves managing pay-per-click campaigns on platforms like Google Ads to drive traffic based on targeted keywords and audience segments."
183,Google Ads,Marketing & Sales,"Google's online advertising platform where advertisers bid to display brief advertisements, service offerings, product listings, or videos to web users. Includes search, display, video, shopping, and app campaign types."
184,Social Media Marketing,Marketing & Sales,"The use of social media platforms to connect with audiences, build brands, increase sales, and drive website traffic. Involves creating and sharing content, engaging with followers, and analyzing results across platforms."
185,Email Marketing,Marketing & Sales,"The use of email to promote products, develop relationships with potential customers, and maintain engagement with existing customers. Encompasses designing campaigns, segmenting audiences, automating flows, and analyzing performance."
186,Content Marketing,Marketing & Sales,"A strategic marketing approach focused on creating and distributing valuable, relevant, and consistent content to attract and retain a clearly defined audience. Aims to drive profitable customer action through blogs, videos, podcasts, etc."
187,Influencer Marketing,Marketing & Sales,"A form of social media marketing involving endorsements and product placements from individuals with a dedicated social following and perceived expertise. Leverages influencers' credibility to reach potential customers authentically."
188,Market Research,Marketing & Sales,"The systematic gathering, recording, and analysis of data about customers, competitors, and the market. Uses surveys, focus groups, interviews, and data analysis to inform strategic business decisions and marketing efforts."
189,Brand Strategy,Marketing & Sales,"The long-term plan for developing a successful brand to achieve specific business objectives. Defines what a brand stands for, its promise to customers, its personality, and how it will be communicated consistently across touchpoints."
190,Campaign Management,Marketing & Sales,"The planning, execution, tracking, and analysis of marketing initiatives. Involves coordinating multiple marketing activities and channels to achieve specific business goals within defined timeframes and budgets."
191,Marketing Automation,Marketing & Sales,"The use of software to automate repetitive marketing tasks and workflows. Enables personalized, targeted marketing at scale through automated email sequences, lead scoring, customer journey mapping, and multi-channel campaigns."
192,HubSpot,Marketing & Sales,"An inbound marketing and sales platform that helps companies attract visitors, convert leads, and close customers. Provides tools for content management, social media marketing, web analytics, landing pages, customer support, and CRM."
193,Marketo,Marketing & Sales,"A marketing automation platform designed to help marketers build and sustain engaging customer relationships. Features include email marketing, lead management, consumer marketing, customer base marketing, and mobile marketing."
194,Salesforce,Marketing & Sales,"A cloud-based customer relationship management (CRM) platform that enables businesses to manage sales, marketing, commerce, service, and IT on a single platform. Provides tools for lead tracking, opportunity management, and analytics."
195,CRM,Marketing & Sales,"Customer Relationship Management systems that manage a company's interactions with current and potential customers. Stores contact information, tracks interactions, and helps analyze relationships to improve business relationships and customer retention."
196,Sales Techniques,Marketing & Sales,"Methods and approaches used to convert prospects into customers. Includes consultative selling, solution selling, SPIN selling, and other strategies to identify needs, overcome objections, and close deals effectively."
197,Lead Generation,Marketing & Sales,"The process of attracting and converting strangers and prospects into someone who has indicated interest in a company's products or services. Uses various channels and tactics to create a pipeline of potential customers."
198,Sales Funnel,Marketing & Sales,"A visual representation of the customer journey from initial awareness to final purchase. Maps out the stages (awareness, interest, decision, action) that prospects go through when considering a purchase, guiding sales and marketing efforts."
199,Customer Acquisition,Marketing & Sales,"The process of bringing new clients or customers to a business. Involves identifying target audiences, developing acquisition strategies, implementing campaigns, and measuring the cost and effectiveness of acquiring new customers."
200,Conversion Rate Optimization,Marketing & Sales,"The systematic process of increasing the percentage of website visitors who take desired actions such as making purchases or filling out forms. Uses analytics, user feedback, and A/B testing to improve website performance."
201,Analytics,Marketing & Sales,"The discovery, interpretation, and communication of meaningful patterns in data related to marketing efforts. Measures performance of campaigns, channels, and tactics to guide data-driven marketing decisions and strategy."
202,Copywriting,Marketing & Sales,"The art of writing text (copy) for advertising or marketing materials that persuades people to take action. Creates compelling headlines, product descriptions, ad text, emails, and other content that drives engagement and conversions."
203,Brand Messaging,Marketing & Sales,"The verbal and written elements that communicate a brand's value proposition and personality. Includes taglines, value statements, brand voice, and key messages that create consistent, meaningful communication with target audiences."
204,Financial Reporting,Business & Finance,"The process of producing comprehensive statements about a company's financial activities and position. Involves preparing balance sheets, income statements, cash flow statements, and other reports for internal and external stakeholders."
205,Financial Analysis,Business & Finance,"The assessment of a business, project, or investment's viability, stability, and profitability. Uses financial data to evaluate historical performance, forecast future outcomes, and guide strategic business decisions."
206,Budgeting,Business & Finance,"The creation of a spending plan based on expected income and expenses. In business contexts, involves allocating financial resources across departments, projects, and activities to achieve organizational objectives."
207,Forecasting,Business & Finance,"The process of making predictions about future business conditions based on past and present data. Includes sales forecasting, financial forecasting, demand planning, and other projections essential for business planning."
208,Accounting,Business & Finance,"The systematic recording, reporting, and analysis of financial transactions. Encompasses bookkeeping, financial statement preparation, tax compliance, and providing financial information for business decision-making."
209,Bookkeeping,Business & Finance,"The recording of financial transactions including purchases, sales, receipts, and payments. Involves maintaining accurate journals, ledgers, and financial records that form the foundation of the accounting system."
210,Auditing,Business & Finance,"The systematic examination and verification of financial records and processes. Ensures accuracy of financial statements, compliance with laws and regulations, and effectiveness of internal controls within organizations."
211,Tax Preparation,Business & Finance,"The process of preparing tax returns for individuals or businesses. Requires knowledge of tax laws, deductions, credits, and filing requirements to accurately report income and minimize tax liability while ensuring compliance."
212,Risk Assessment,Business & Finance,"The identification and analysis of potential events that may negatively impact financial assets, earnings, or business operations. Evaluates likelihood and consequences to inform risk management strategies."
213,Investment Analysis,Business & Finance,"The evaluation of investments for profitability and suitability aligned with financial goals. Includes fundamental and technical analysis of securities, portfolio evaluation, and asset allocation to optimize investment decisions."
214,Portfolio Management,Business & Finance,"The art and science of making decisions about investment mix and policy, matching investments to objectives, asset allocation, and balancing risk against performance. Involves selecting and overseeing a group of investments to meet long-term financial goals."
215,Business Analysis,Business & Finance,"The practice of enabling change in an organizational context by defining needs and recommending solutions that deliver value to stakeholders. Involves identifying business problems, gathering requirements, and proposing improvements."
216,Business Process Modeling,Business & Finance,"The activity of representing processes of an enterprise to analyze and improve current business processes. Uses flowcharts, diagrams, and other tools to visualize workflows, identify inefficiencies, and design process improvements."
217,Strategic Planning,Business & Finance,"The organizational process of defining direction and making decisions on allocating resources to pursue this strategy. Involves setting goals, determining actions to achieve those goals, and mobilizing resources to execute the actions."
218,Operations Management,Business & Finance,"The administration of business practices to create the highest level of efficiency within an organization. Focuses on converting materials and labor into goods and services as efficiently as possible to maximize profit."
219,Supply Chain Management,Business & Finance,"The oversight of materials, information, and finances as they move from supplier to consumer. Involves coordinating and integrating these flows both within and among companies to optimize cost, quality, and delivery performance."
220,Inventory Management,Business & Finance,"The supervision of non-capitalized assets (inventory) and stock items. Involves ordering, storage, control, and use of materials to optimize inventory levels, minimize costs, and ensure product availability."
221,Logistics,Business & Finance,"The detailed organization and implementation of a complex operation, particularly the movement, storage, and flow of goods, services, and information between the point of origin and the point of consumption."
222,Contract Negotiation,Business & Finance,"The process of discussing and reaching mutual agreement on contract terms and conditions. Requires understanding contract law, identifying key priorities, effective communication, and finding mutually beneficial solutions."
223,Vendor Management,Business & Finance,"The process of ensuring value from third-party vendors by obtaining the best pricing and service for a company's spend. Includes selecting vendors, negotiating contracts, controlling costs, reducing risks, and ensuring service delivery."
224,Procurement,Business & Finance,"The acquisition of goods, services, or works from an external source. Involves purchase planning, standards determination, supplier research, selection, financing, price negotiation, and inventory control."
225,HR Management,Business & Finance,"The strategic approach to the effective management of people in an organization to gain a competitive advantage. Includes recruiting, training, compensating, developing policies, and retaining employees."
226,Recruiting,Business & Finance,"The process of finding and attracting capable applicants for employment. Encompasses job analysis, sourcing candidates, screening and selecting applicants, and onboarding new employees to meet organizational needs."
227,Employee Relations,Business & Finance,"The practice of managing the relationship between employers and employees. Focuses on building positive interactions, addressing workplace issues, implementing policies, and fostering a productive work environment."
228,Performance Management,Business & Finance,"The continuous process of improving performance by setting individual and team goals, assessing progress, and providing coaching and feedback to achieve objectives. Includes performance reviews, development plans, and recognition programs."
229,Benefits Administration,Business & Finance,"The management and maintenance of employee benefit programs. Involves selecting benefit options, enrolling employees, ensuring compliance with regulations, processing claims, and communicating benefits information to staff."
230,Healthcare Software,Industry-Specific,"Specialized applications designed for healthcare providers and facilities. Includes electronic health records, practice management systems, medical billing software, and clinical decision support tools to improve patient care and operational efficiency."
231,Electronic Health Records,Industry-Specific,"Digital versions of patients' medical histories maintained by healthcare providers. Contains comprehensive patient information including medical history, diagnoses, medications, treatment plans, immunization dates, allergies, and test results."
232,HIPAA Compliance,Industry-Specific,"The implementation of practices, policies, and procedures that ensure adherence to the Health Insurance Portability and Accountability Act. Focuses on protecting patient health information and maintaining privacy and security standards."
233,Medical Billing,Industry-Specific,"The process of submitting and following up on insurance claims to receive payment for services rendered by healthcare providers. Requires knowledge of medical codes, insurance policies, and reimbursement procedures."
234,Clinical Trials,Industry-Specific,"Research studies that explore the effects of new medical treatments, drugs, or devices on human participants. Involves protocol development, participant recruitment, data collection, analysis, and regulatory compliance."
235,Pharmaceutical Research,Industry-Specific,"The scientific investigation and development of medications and treatments for diseases. Encompasses drug discovery, preclinical testing, clinical trials, regulatory approval processes, and post-market surveillance."
236,Legal Research,Industry-Specific,"The process of identifying and retrieving legal information to support legal decision-making. Includes finding and analyzing statutes, regulations, case law, and secondary sources to develop legal arguments and provide counsel."
237,Regulatory Compliance,Industry-Specific,"The practice of ensuring that an organization follows relevant laws, regulations, guidelines, and specifications. Involves developing policies, conducting audits, providing training, and monitoring adherence to requirements."
238,Environmental Management,Industry-Specific,"The planning and implementation of actions to reduce environmental impacts of operations. Includes pollution prevention, waste management, resource conservation, and environmental impact assessment."
239,Sustainability Planning,Industry-Specific,"The development of strategies that meet present needs without compromising future generations' ability to meet their own needs. Focuses on balancing environmental stewardship, social responsibility, and economic prosperity."
240,Urban Planning,Industry-Specific,"The technical and political process concerned with the development and design of land use in urban environments. Addresses transportation, housing, open spaces, infrastructure, and community facilities to create livable communities."
241,GIS,Industry-Specific,"Geographic Information Systems technology for capturing, storing, analyzing, and displaying location-based data. Used in urban planning, resource management, environmental monitoring, transportation, and many other fields requiring spatial analysis."
242,Construction Management,Industry-Specific,"The overall planning, coordination, and control of a construction project from beginning to completion. Ensures projects are delivered on time, within budget, and according to specified quality and safety standards."
243,Architecture,Industry-Specific,"The art and science of designing buildings and structures. Involves conceptual design, space planning, material selection, and detailed documentation to balance functionality, aesthetics, safety, and sustainability requirements."
244,Real Estate Valuation,Industry-Specific,"The process of developing an opinion of value for real property (usually market value). Uses various methods including sales comparison, cost approach, and income capitalization to determine property worth for investment, financing, or sale."
245,Property Management,Industry-Specific,"The operation, control, and oversight of real estate assets. Includes marketing rental properties, selecting tenants, maintaining properties, collecting rent, ensuring compliance with regulations, and financial reporting."
246,Retail Operations,Industry-Specific,"The management of day-to-day activities in retail stores or chains. Encompasses merchandising, inventory control, store layout, staffing, customer service, loss prevention, and performance measurement to maximize sales and profitability."
247,Merchandising,Industry-Specific,"The planning, development, and presentation of product lines for retail businesses. Involves product selection, pricing, placement, promotion, and inventory management to maximize sales and meet customer preferences."
248,Hospitality Management,Industry-Specific,"The administration of hotels, resorts, restaurants, and other businesses in the accommodation, food service, and tourism sectors. Focuses on customer service, facility operations, staff management, and revenue optimization."
249,Tourism Planning,Industry-Specific,"The strategic development of tourism destinations and experiences. Involves assessing resources, market analysis, product development, marketing strategies, and impact management to create sustainable tourism opportunities."
250,Aviation Operations,Industry-Specific,"The management of activities related to aircraft and airport functioning. Encompasses flight operations, ground handling, air traffic management, maintenance, and safety protocols to ensure efficient and safe air transportation services."
251,Manufacturing Processes,Industry-Specific,"The methods and techniques used to transform raw materials, components, or parts into finished goods. Includes various production techniques such as machining, molding, casting, joining, and assembly in industrial manufacturing environments."
252,Quality Control,Industry-Specific,"The system of maintaining standards in manufactured products by testing samples against specified requirements. Involves inspection, testing, and monitoring production processes to identify defects, ensure consistency, and meet quality standards."
253,Six Sigma,Industry-Specific,"A data-driven methodology for eliminating defects and reducing variability in business processes. Uses statistical analysis, process mapping, and other quality management tools to achieve near-perfect output with 3.4 defects per million opportunities."