soft_id,skill_name,category,description
1,Communication,Communication & Interpersonal,"The ability to convey information clearly and effectively through verbal, written, and non-verbal means. This includes tailoring communication style to the audience, articulating ideas concisely, and ensuring the intended message is understood."
2,Relationship Building,Communication & Interpersonal,"The capacity to establish and maintain positive professional relationships with colleagues, clients, and stakeholders. This involves creating trust, finding common ground, and developing mutually beneficial connections over time."
3,Listening,Communication & Interpersonal,"The skill of actively focusing on and understanding what others are saying, including paying attention to verbal and non-verbal cues, asking clarifying questions, and demonstrating engagement in the conversation."
4,Persuasion,Communication & Interpersonal,"The ability to influence others' thinking or behavior through compelling reasoning, evidence, and emotional appeal. This includes identifying motivations and presenting ideas in ways that resonate with the audience."
5,Negotiation,Communication & Interpersonal,"The skill of reaching agreements through discussion with others, particularly in situations involving different interests. This includes finding mutually beneficial solutions, making reasonable compromises, and advocating effectively for position."
6,Conflict Resolution,Communication & Interpersonal,"The ability to address and resolve disagreements constructively. This involves identifying the root causes of conflict, facilitating productive discussions, and helping parties find acceptable solutions."
7,Empathy,Communication & Interpersonal,"The capacity to understand and share the feelings, perspectives, and experiences of others. This includes recognizing emotional states, demonstrating compassion, and adjusting interactions based on others' needs."
8,Cultural Awareness,Communication & Interpersonal,"The understanding and sensitivity to cultural differences, values, and practices. This includes adapting communication and behavior to be respectful and effective across diverse cultural contexts."
9,Client Relations,Communication & Interpersonal,"The ability to build and maintain positive relationships with customers or clients. This includes understanding client needs, managing expectations, providing excellent service, and resolving issues effectively."
10,Interviewing,Communication & Interpersonal,"The skill of conducting effective conversations to gather information, assess candidates, or understand stakeholder needs. This includes preparing relevant questions, creating a comfortable environment, and interpreting responses accurately."
11,Public Speaking,Communication & Interpersonal,"The ability to deliver speeches or presentations confidently to groups of various sizes. This includes organizing content clearly, engaging the audience, managing nerves, and communicating persuasively."
12,Presentation Skills,Communication & Interpersonal,"The capability to create and deliver effective visual and verbal presentations. This includes structuring information logically, using visual aids effectively, and adapting presentation style to the audience and purpose."
13,Social Media Savvy,Communication & Interpersonal,"The understanding of social media platforms, trends, and effective communication strategies in digital spaces. This includes creating appropriate content, engaging with online communities, and maintaining professional presence."
14,Stakeholder Communications,Communication & Interpersonal,"The ability to effectively communicate with various groups who have interest in or are affected by a project or organization. This includes tailoring messages to different audiences, managing expectations, and ensuring transparency."
15,Leadership,Leadership & Management,"The ability to inspire, influence, and guide individuals or teams toward achieving goals. This includes setting clear vision, motivating others, and demonstrating the behaviors and values expected of the team."
16,Decision Making,Leadership & Management,"The capacity to make timely, well-informed choices, particularly in complex or ambiguous situations. This includes gathering relevant information, weighing options, considering consequences, and taking responsibility for outcomes."
17,Strategic Thinking,Leadership & Management,"The ability to consider the broader context, long-term goals, and potential future scenarios when making decisions. This includes identifying patterns, anticipating challenges, and aligning actions with organizational objectives."
18,Mentoring,Leadership & Management,"The skill of providing guidance, feedback, and support to help others develop professionally. This includes sharing knowledge, challenging growth, and creating opportunities for mentees to advance."
19,Team Leadership,Leadership & Management,"The ability to build and guide effective teams toward common goals. This includes fostering collaboration, resolving conflicts, recognizing individual strengths, and creating a positive team culture."
20,Vision,Leadership & Management,"The capacity to create and articulate a compelling future state for a team, project, or organization. This includes identifying opportunities, inspiring others with possibilities, and translating abstract ideas into concrete goals."
21,Change Management,Leadership & Management,"The ability to successfully guide individuals and organizations through transitions. This includes communicating the need for change, addressing resistance, supporting adaptation, and reinforcing new ways of working."
22,Business Acumen,Leadership & Management,"The understanding of how businesses operate, including financial, market, and operational considerations. This includes recognizing opportunities, understanding business metrics, and making decisions that support organizational success."
23,Stakeholder Management,Leadership & Management,"The ability to identify, analyze, engage, and manage relationships with people who have influence over or are affected by a project or initiative. This includes balancing competing interests and maintaining support."
24,Delegation,Leadership & Management,"The skill of effectively assigning tasks and responsibilities to others. This includes matching assignments to capabilities, providing clear instructions, offering appropriate support, and maintaining accountability."
25,Crisis Management,Leadership & Management,"The ability to lead effectively during urgent, high-pressure situations. This includes assessing rapidly changing conditions, making quick decisions with limited information, and guiding others through uncertainty."
26,Performance Management,Leadership & Management,"The ability to set clear expectations, provide feedback, and develop strategies to improve individual and team performance. This includes conducting evaluations, addressing performance issues, and recognizing achievements."
27,Global Awareness,Leadership & Management,"The understanding of international business environments, cultural contexts, and global trends. This includes recognizing how global factors impact local operations and adapting leadership approaches to diverse settings."
28,Problem Solving,Problem Solving & Analytical,"The ability to identify, analyze, and resolve challenges or obstacles. This includes defining problems clearly, generating potential solutions, evaluating options, and implementing effective resolutions."
29,Analytical Thinking,Problem Solving & Analytical,"The capacity to examine information critically, identify patterns, and draw logical conclusions. This includes breaking complex issues into components, organizing data systematically, and making evidence-based assessments."
30,Critical Thinking,Problem Solving & Analytical,"The ability to objectively analyze and evaluate issues to form reasoned judgments. This includes questioning assumptions, considering alternative perspectives, and avoiding biases in decision-making."
31,Research,Problem Solving & Analytical,"The skill of systematically investigating topics to gather relevant information and insights. This includes identifying reliable sources, collecting and analyzing data, and synthesizing findings effectively."
32,Mathematical Aptitude,Problem Solving & Analytical,"The comfort and capability with numerical concepts and calculations. This includes interpreting quantitative information, performing relevant computations, and applying mathematical principles to practical problems."
33,Industry Knowledge,Problem Solving & Analytical,"The understanding of specific sector trends, practices, challenges, and opportunities. This includes staying current with developments, understanding competitive landscapes, and applying industry-specific insights."
34,Technical Understanding,Problem Solving & Analytical,"The ability to comprehend and work with technical concepts, systems, or tools relevant to a role or industry. This includes learning new technologies, applying technical knowledge practically, and explaining technical concepts to others."
35,Process Thinking,Problem Solving & Analytical,"The ability to understand, design, and improve sequences of activities that achieve specific outcomes. This includes identifying inefficiencies, standardizing procedures, and optimizing workflows."
36,Systems Thinking,Problem Solving & Analytical,"The capacity to understand how components interact within a larger whole and how changes to one part affect others. This includes recognizing interconnections, identifying feedback loops, and addressing root causes rather than symptoms."
37,Spatial Thinking,Problem Solving & Analytical,"The ability to understand spatial relationships and visualize objects from different perspectives. This includes interpreting maps or diagrams, recognizing patterns in physical spaces, and mentally rotating or transforming objects."
38,User Empathy,Problem Solving & Analytical,"The capacity to understand and anticipate the needs, experiences, and challenges of users or customers. This includes gathering user feedback, recognizing pain points, and designing solutions that address real user needs."
39,Game Understanding,Problem Solving & Analytical,"The ability to comprehend the strategic elements, rule systems, and engagement mechanics in various contexts. This includes recognizing incentives, understanding competition dynamics, and applying game theory concepts."
40,Time Management,Self-Management,"The ability to plan, prioritize, and control the time spent on activities to maximize productivity and effectiveness. This includes setting deadlines, minimizing distractions, and balancing multiple responsibilities."
41,Organization,Self-Management,"The capability to arrange resources, information, and tasks in structured, accessible ways. This includes creating systems, maintaining order, and ensuring materials and information can be located efficiently."
42,Adaptability,Self-Management,"The ability to adjust effectively to changing conditions, expectations, or environments. This includes embracing new ideas, remaining flexible when plans change, and thriving amid uncertainty."
43,Patience,Self-Management,"The capacity to remain calm and composed when facing delays, difficulties, or frustration. This includes tolerating ambiguity, persisting through challenges, and maintaining a long-term perspective."
44,Attention to Detail,Self-Management,"The ability to thoroughly accomplish tasks with precision and accuracy. This includes checking work for errors, noticing subtle aspects that others might miss, and maintaining high quality standards."
45,Self-motivation,Self-Management,"The capacity to initiate and sustain effort toward goals without external pressure. This includes setting personal objectives, maintaining enthusiasm, and finding intrinsic rewards in work."
46,Integrity,Self-Management,"The commitment to strong moral principles, honesty, and ethical standards in all situations. This includes keeping promises, taking responsibility for mistakes, and making decisions aligned with values even when difficult."
47,Ethics,Self-Management,"The understanding and application of moral principles guiding conduct in professional contexts. This includes recognizing ethical dilemmas, making principled decisions, and upholding professional standards."
48,Confidentiality,Self-Management,"The ability to maintain appropriate privacy and security of sensitive information. This includes discerning what information can be shared with whom, protecting data appropriately, and building trust through discretion."
49,Cost Consciousness,Self-Management,"The awareness of financial implications of decisions and actions. This includes identifying opportunities for efficiency, making resource-conscious choices, and demonstrating financial responsibility."
50,Safety Consciousness,Self-Management,"The vigilance regarding potential hazards and commitment to ensuring safe conditions. This includes following safety protocols, identifying risks proactively, and promoting a culture that prioritizes wellbeing."
51,Learning Agility,Self-Management,"The ability and willingness to learn quickly from experience and apply that learning to new situations. This includes seeking feedback, experimenting with new approaches, and continuously expanding knowledge."
52,Persistence,Self-Management,"The determination to continue efforts despite obstacles, setbacks, or difficulty. This includes maintaining focus on long-term goals, recovering from failures, and demonstrating resilience when facing challenges."
53,Creativity,Creativity & Innovation,"The ability to generate original ideas, approaches, or solutions. This includes thinking beyond conventional boundaries, making novel connections between concepts, and applying imagination to challenges."
54,Trend Awareness,Creativity & Innovation,"The ability to identify emerging patterns, shifts, and developments that may impact future conditions. This includes monitoring industry changes, recognizing early signals of transformation, and anticipating future needs."
55,Storytelling,Creativity & Innovation,"The skill of crafting and sharing compelling narratives that engage, inform, or persuade. This includes structuring information as stories, using narrative elements effectively, and connecting with audiences emotionally."
56,Visual Thinking,Creativity & Innovation,"The ability to process and communicate information through images, diagrams, and visual representations. This includes creating visual models, interpreting graphic information, and thinking in pictures rather than words."
57,Spatial Thinking,Creativity & Innovation,"The capacity to understand and manipulate objects and ideas in physical or conceptual space. This includes visualizing arrangements, understanding dimensional relationships, and recognizing spatial patterns."
58,Visual Storytelling,Creativity & Innovation,"The ability to combine imagery and narrative to communicate ideas or information. This includes creating infographics, using visual metaphors, and designing experiences that integrate visual and verbal elements."
59,Body Awareness,Creativity & Innovation,"The understanding of physical presence, movement, and non-verbal communication. This includes recognizing how posture and gesture affect perception, using movement effectively, and maintaining physical wellbeing."
60,Performance,Creativity & Innovation,"The ability to engage and impact audiences through deliberate presentation of self, ideas, or artistic expression. This includes commanding attention, expressing authentically, and adapting presentation to audience response."
61,Sustainability Awareness,Creativity & Innovation,"The understanding of environmental impact and commitment to responsible resource use. This includes recognizing opportunities for sustainable practices, considering long-term ecological consequences, and promoting environmental stewardship."