job_title,soft_skill
Farm Manager,Leadership|Team Leadership|Problem Solving|Communication|Decision Making|Time Management
Agricultural Technician,Attention to Detail|Analytical Thinking|Team Leadership|Communication|Learning Agility
Agronomist,Analytical Thinking|Research|Problem Solving|Communication|Industry Knowledge
Livestock Farmer,Persistence|Communication|Problem Solving|Time Management|Empathy
Horticulturist,Creativity|Attention to Detail|Problem Solving|Communication|Patience
Agricultural Engineer,Technical Understanding|Problem Solving|Analytical Thinking|Creativity|Communication
Food Scientist,Research|Analytical Thinking|Attention to Detail|Communication|Creativity
Soil Scientist,Analytical Thinking|Research|Problem Solving|Communication|Sustainability Awareness
Forester,Problem Solving|Communication|Leadership|Sustainability Awareness|Time Management
Environmental Scientist,Analytical Thinking|Research|Communication|Problem Solving|Sustainability Awareness
Farm Worker,Persistence|Time Management|Attention to Detail|Team Leadership
Irrigation Specialist,Technical Understanding|Problem Solving|Analytical Thinking|Communication|Creativity
Pest Control Technician,Problem Solving|Attention to Detail|Communication|Safety Consciousness|Time Management
Seed Technologist,Research|Analytical Thinking|Creativity|Communication|Attention to Detail
Agricultural Consultant,Communication|Problem Solving|Industry Knowledge|Client Relations|Persuasion
Dairy Farmer,Time Management|Persistence|Communication|Problem Solving|Empathy
Aquaculturist,Problem Solving|Analytical Thinking|Communication|Sustainability Awareness|Time Management
Beekeeper,Patience|Attention to Detail|Problem Solving|Communication|Persistence
Crop Inspector,Attention to Detail|Analytical Thinking|Communication|Integrity|Observation
Agricultural Equipment Operator,Technical Understanding|Attention to Detail|Time Management|Safety Consciousness
Wildlife Biologist,Research|Analytical Thinking|Communication|Sustainability Awareness|Problem Solving
Environmental Engineer,Technical Understanding|Problem Solving|Analytical Thinking|Creativity|Sustainability Awareness
Water Resource Specialist,Analytical Thinking|Problem Solving|Communication|Sustainability Awareness|Decision Making
Organic Farmer,Sustainability Awareness|Problem Solving|Communication|Persistence|Creativity
Agribusiness Manager,Leadership|Business Acumen|Decision Making|Communication|Strategic Thinking|Stakeholder Management
Veterinarian,Empathy|Communication|Problem Solving|Analytical Thinking|Attention to Detail|Patience
Plant Breeder,Research|Creativity|Analytical Thinking|Communication|Attention to Detail
Conservation Officer,Communication|Problem Solving|Integrity|Sustainability Awareness|Leadership
Greenhouse Manager,Time Management|Problem Solving|Communication|Attention to Detail|Creativity
Agricultural Economist,Analytical Thinking|Research|Communication|Industry Knowledge|Strategic Thinking
Farm Educator,Communication|Presentation Skills|Empathy|Patience|Mentoring
Sustainability Coordinator,Sustainability Awareness|Communication|Problem Solving|Creativity|Stakeholder Management
Fisheries Manager,Leadership|Sustainability Awareness|Analytical Thinking|Communication|Problem Solving
Soil Conservationist,Sustainability Awareness|Analytical Thinking|Problem Solving|Communication|Research
Agricultural Sales Representative,Persuasion|Communication|Client Relations|Industry Knowledge|Negotiation
Poultry Farmer,Time Management|Persistence|Communication|Problem Solving|Attention to Detail
Rangeland Manager,Sustainability Awareness|Problem Solving|Communication|Leadership|Analytical Thinking
Tree Surgeon,Safety Consciousness|Attention to Detail|Problem Solving|Communication|Physical Awareness
Ecologist,Research|Analytical Thinking|Communication|Sustainability Awareness|Problem Solving
Agricultural Researcher,Research|Analytical Thinking|Creativity|Communication|Learning Agility
Compost Technician,Sustainability Awareness|Attention to Detail|Time Management|Problem Solving
Hydroponics Specialist,Technical Understanding|Creativity|Problem Solving|Communication|Analytical Thinking
Animal Nutritionist,Analytical Thinking|Research|Communication|Problem Solving|Empathy
Environmental Planner,Strategic Thinking|Sustainability Awareness|Communication|Analytical Thinking|Problem Solving
Farm Mechanic,Technical Understanding|Problem Solving|Attention to Detail|Time Management|Persistence
Biofuel Technician,Technical Understanding|Analytical Thinking|Sustainability Awareness|Problem Solving|Creativity
Climate Change Analyst,Analytical Thinking|Research|Communication|Sustainability Awareness|Strategic Thinking
Orchard Manager,Time Management|Problem Solving|Communication|Leadership|Attention to Detail
Agricultural Drone Operator,Technical Understanding|Attention to Detail|Analytical Thinking|Communication|Learning Agility