job_title,interest
Logistics Coordinator,Supply Chain|Logistics|Operations Management|Data Analysis|Process Improvement
Truck Driver,Logistics|Transportation|Safety|Vehicle Technology
Warehouse Worker,Logistics|Supply Chain|Inventory Management|Operations Management|Process Improvement
Delivery Driver,Logistics|Customer Relations|Transportation|Mobile Technology
Freight Forwarder,Supply Chain|Logistics|Global Business|Business Operations|Data Analysis
Logistics Analyst,Data Analysis|Supply Chain|Operations Management|Business Analysis|Process Optimization
Transportation Planner,Logistics|Transportation|Data Analysis|Supply Chain|Strategic Planning
Warehouse Supervisor,Supply Chain|Logistics|Inventory Management|Operations Management|Team Leadership
Fleet Coordinator,Logistics|Transportation|Fleet Management|Data Analysis|Operations Management
Dispatch Supervisor,Logistics|Supply Chain|Operations Management|Team Management|Data Analysis
Supply Chain Manager,Supply Chain|Logistics|Strategic Planning|Business Strategy|Operations Management|Data Analysis
Transportation Manager,Transportation|Logistics|Supply Chain|Strategic Planning|Operations Management
Warehouse Manager,Logistics|Supply Chain|Inventory Management|Operations Management|Process Improvement|Team Leadership
Fleet Manager,Logistics|Fleet Management|Transportation|Business Operations|Strategic Planning
Air Traffic Controller,Aviation|Safety|Data Analysis|Operations Management|Technology
Shipping Clerk,Logistics|Supply Chain|Inventory Management|Business Operations|Data Analysis
Inventory Control Specialist,Supply Chain|Inventory Management|Data Analysis|Operations Management|Process Optimization
Customs Broker,Global Business|Supply Chain|Logistics|Business Operations|Regulatory Compliance
Railway Operator,Transportation|Logistics|Safety|Operations Management|Technology
Aviation Mechanic,Aviation|Technology|Safety|Engineering|Operations Management
Logistics Consultant,Supply Chain|Business Strategy|Data Analysis|Operations Management|Process Improvement|Strategic Planning
Courier,Logistics|Customer Relations|Transportation|Mobile Technology|Customer Service
Distribution Manager,Supply Chain|Logistics|Operations Management|Strategic Planning|Inventory Management
Traffic Manager,Transportation|Data Analysis|Logistics|Operations Management|Strategic Planning
Forklift Operator,Logistics|Safety|Inventory Management|Operations Management|Technology
Port Operator,Logistics|Supply Chain|Operations Management|Safety|Global Business
Supply Chain Analyst,Supply Chain|Data Analysis|Business Analysis|Operations Management|Process Optimization|Strategic Planning
Route Optimizer,Transportation|Logistics|Data Analysis|Supply Chain|Technology
Cargo Inspector,Logistics|Safety|Supply Chain|Quality Control|Operations Management
Airline Pilot,Aviation|Transportation|Safety|Technology|Operations Management
Freight Broker,Supply Chain|Logistics|Business Development|Negotiation|Client Relations
Ground Crew Member,Aviation|Logistics|Safety|Operations Management|Team Management
Logistics Operations Manager,Logistics|Supply Chain|Operations Management|Strategic Planning|Data Analysis|Business Strategy
Supply Chain Coordinator,Supply Chain|Logistics|Operations Management|Data Analysis|Team Management
Transportation Safety Officer,Safety|Transportation|Logistics|Risk Management|Regulatory Compliance
Railway Dispatcher,Transportation|Logistics|Operations Management|Safety|Data Analysis
Bus Driver,Transportation|Safety|Customer Relations|Logistics|Public Service
Dock Worker,Logistics|Supply Chain|Safety|Inventory Management|Operations Management
Aviation Safety Inspector,Aviation|Safety|Regulatory Compliance|Data Analysis|Risk Management
Ocean Freight Manager,Supply Chain|Logistics|Global Business|Operations Management|Strategic Planning|Business Operations
Inventory Manager,Inventory Management|Supply Chain|Data Analysis|Operations Management|Process Optimization
Trucking Dispatcher,Logistics|Transportation|Operations Management|Customer Relations|Data Analysis
Air Cargo Handler,Logistics|Supply Chain|Aviation|Safety|Inventory Management
Supply Chain Director,Supply Chain|Strategic Planning|Business Strategy|Operations Management|Data Analysis|Leadership Development
Logistics Software Specialist,Logistics|Technology|Software Development|Data Analysis|Supply Chain
Transportation Engineer,Transportation|Engineering|Data Analysis|Logistics|Infrastructure|Strategic Planning
Warehouse Operations Analyst,Logistics|Supply Chain|Data Analysis|Inventory Management|Process Improvement
Freight Auditor,Supply Chain|Logistics|Financial Analysis|Data Analysis|Business Operations
Delivery Operations Manager,Logistics|Supply Chain|Operations Management|Customer Relations|Strategic Planning|Transportation
Import/Export Specialist,Supply Chain|Logistics|Global Business|Business Operations|Regulatory Compliance|Data Analysis